Link,Status
https://www.linkedin.com/jobs/view/3811650546,True
https://www.linkedin.com/jobs/view/3811651010,True
https://www.linkedin.com/jobs/view/3811644735,True
https://www.linkedin.com/jobs/view/3811651303,True
https://www.linkedin.com/jobs/view/3811645448,True
https://www.linkedin.com/jobs/view/3811645381,True
https://www.linkedin.com/jobs/view/3799415837,False
https://www.linkedin.com/jobs/view/3808053609,True
https://www.linkedin.com/jobs/view/3794029232,False
https://www.linkedin.com/jobs/view/3766029950,False
https://www.linkedin.com/jobs/view/3811652750,True
https://www.linkedin.com/jobs/view/3812486476,False
https://www.linkedin.com/jobs/view/3811653313,True
https://www.linkedin.com/jobs/view/3811645909,True
https://www.linkedin.com/jobs/view/3811651045,True
https://www.linkedin.com/jobs/view/3811646507,True
https://www.linkedin.com/jobs/view/3811643857,True
https://www.linkedin.com/jobs/view/3811648185,True
https://www.linkedin.com/jobs/view/3811644763,True
https://www.linkedin.com/jobs/view/3811645408,True
https://www.linkedin.com/jobs/view/3811639973,True
https://www.linkedin.com/jobs/view/3811644530,True
https://www.linkedin.com/jobs/view/3800552784,True
https://www.linkedin.com/jobs/view/3804239987,True
https://www.linkedin.com/jobs/view/3804230959,True
https://www.linkedin.com/jobs/view/3804230802,True
https://www.linkedin.com/jobs/view/3804233549,True
https://www.linkedin.com/jobs/view/3804232559,True
https://www.linkedin.com/jobs/view/3804226276,True
https://www.linkedin.com/jobs/view/3804225191,True
https://www.linkedin.com/jobs/view/3804208433,True
https://www.linkedin.com/jobs/view/3804209308,True
https://www.linkedin.com/jobs/view/3803938248,True
https://www.linkedin.com/jobs/view/3803934227,True
https://www.linkedin.com/jobs/view/3803930640,True
https://www.linkedin.com/jobs/view/3803778911,True
https://www.linkedin.com/jobs/view/3803773949,True
https://www.linkedin.com/jobs/view/3811810990,False
https://www.linkedin.com/jobs/view/3811816188,False
https://www.linkedin.com/jobs/view/3812729886,False
https://www.linkedin.com/jobs/view/3804576886,False
https://www.linkedin.com/jobs/view/3812767116,False
